train_start,train_end,test_start,test_end,status,best_train_calmar,opt_time_sec,train_coverage,test_coverage,Sharpe,Sortino,MaxDrawdown,Calmar,WinRate,ProfitFactor,Trades,FinalEquity,best_params
2022-06-01,2022-07-01,2022-07-01,2022-07-08,ok,55.409063159537936,10.208256959915161,0.9736111111111111,0.9826388888888888,-17.080055771024366,-20.913286837966012,-0.03157277767738342,-22.927698361428785,0.2857142857142857,0.26506648219632334,14,976365.5404895939,"{'rsi_window': 26, 'rsi_lower': 20, 'rsi_upper': 75, 'macd_fast': 9, 'macd_slow': 37, 'macd_signal': 9, 'bb_window': 15, 'bb_std': 2.649388996553724, 'bb_lower_pct': 0.15174101950733532, 'bb_upper_pct': 0.7256025946357162, 'sl': 0.012321998672733083, 'tp': 0.052128962274754304, 'capital_fraction': 0.2184096762836154}"
2022-06-08,2022-07-08,2022-07-08,2022-07-15,ok,52.751004969842384,10.137250661849976,0.9740740740740741,0.9761904761904762,-11.618522517981122,-12.910388457388922,-0.047534173934376645,-17.490363808687878,0.2,0.4886029436981975,25,944719.364754281,"{'rsi_window': 27, 'rsi_lower': 29, 'rsi_upper': 65, 'macd_fast': 14, 'macd_slow': 38, 'macd_signal': 6, 'bb_window': 13, 'bb_std': 2.3688926438426647, 'bb_lower_pct': 0.13573845055501235, 'bb_upper_pct': 0.8761776680789053, 'sl': 0.006111804235330283, 'tp': 0.05425786317239492, 'capital_fraction': 0.3818154158968173}"
2022-06-15,2022-07-15,2022-07-15,2022-07-22,ok,85.27845132666246,10.541383981704712,0.9728009259259259,0.9801587301587301,-17.826734553462746,-24.582959872765283,-0.018894439504694605,-32.60753943173229,0.1111111111111111,0.27539994918243144,18,927948.9314008915,"{'rsi_window': 25, 'rsi_lower': 34, 'rsi_upper': 66, 'macd_fast': 19, 'macd_slow': 26, 'macd_signal': 13, 'bb_window': 28, 'bb_std': 2.5845270823560087, 'bb_lower_pct': 0.01016197993793775, 'bb_upper_pct': 0.8537716506885087, 'sl': 0.011165590265345979, 'tp': 0.05391980967912782, 'capital_fraction': 0.12438412733848508}"
2022-06-22,2022-07-22,2022-07-22,2022-07-29,ok,22.516232219041182,11.09070897102356,0.9761574074074074,0.9851190476190477,-8.327154194255073,-9.499069928979084,-0.03085793901065237,-20.302031793215907,0.3076923076923077,0.6210832060051289,13,911171.0675283504,"{'rsi_window': 25, 'rsi_lower': 30, 'rsi_upper': 70, 'macd_fast': 18, 'macd_slow': 35, 'macd_signal': 14, 'bb_window': 26, 'bb_std': 2.8407969152085633, 'bb_lower_pct': 0.16608779225344233, 'bb_upper_pct': 0.8790486655799761, 'sl': 0.015728060552799458, 'tp': 0.057240804444663486, 'capital_fraction': 0.30437641910370006}"
2022-06-29,2022-07-29,2022-07-29,2022-08-05,ok,-2.6949733618510385,11.36164116859436,0.9782407407407407,0.996031746031746,-0.28645338581498647,-0.3691187696559333,-0.04271370450897616,-1.3976664823111764,0.4411764705882353,0.9785566424805412,68,909153.6258464879,"{'rsi_window': 7, 'rsi_lower': 31, 'rsi_upper': 61, 'macd_fast': 13, 'macd_slow': 30, 'macd_signal': 9, 'bb_window': 29, 'bb_std': 1.8369536642770075, 'bb_lower_pct': 0.2859463243935118, 'bb_upper_pct': 0.868925600495861, 'sl': 0.003760781673701216, 'tp': 0.049212237362233256, 'capital_fraction': 0.47682338188007767}"
2022-07-06,2022-08-05,2022-08-05,2022-08-12,ok,36.61830808934882,10.812891960144043,0.983912037037037,0.9563492063492064,0.4985724598563201,0.6040694210029166,-0.015843777564066297,2.2324425955029286,0.5882352941176471,1.0177611465795962,17,909738.1238785982,"{'rsi_window': 6, 'rsi_lower': 26, 'rsi_upper': 73, 'macd_fast': 19, 'macd_slow': 35, 'macd_signal': 13, 'bb_window': 12, 'bb_std': 2.7296248104735428, 'bb_lower_pct': 0.14793954530331427, 'bb_upper_pct': 0.9317197020161331, 'sl': 0.025356686377744183, 'tp': 0.02957590780333108, 'capital_fraction': 0.3085807837534119}"
2022-07-13,2022-08-12,2022-08-12,2022-08-19,ok,55.00617967577395,10.699608087539673,0.9787037037037037,0.9776785714285714,3.968053708427715,4.683895058895404,-0.004678675202659743,16.67905167168367,0.5,1.1982149529599238,10,910995.1401074457,"{'rsi_window': 11, 'rsi_lower': 25, 'rsi_upper': 78, 'macd_fast': 16, 'macd_slow': 40, 'macd_signal': 13, 'bb_window': 14, 'bb_std': 2.949071411222453, 'bb_lower_pct': 0.030420062750603525, 'bb_upper_pct': 0.9811730267613811, 'sl': 0.016702591687719138, 'tp': 0.027464744616228307, 'capital_fraction': 0.09952948771186004}"
2022-07-20,2022-08-19,2022-08-19,2022-08-26,ok,70.18031091140494,10.321030855178833,0.9793981481481482,0.9791666666666666,-10.751824673093163,-13.081840908774016,-0.022939130692651966,-29.11610597473474,0.4,0.47321093276406506,15,892353.5146807464,"{'rsi_window': 5, 'rsi_lower': 27, 'rsi_upper': 76, 'macd_fast': 13, 'macd_slow': 26, 'macd_signal': 11, 'bb_window': 12, 'bb_std': 2.391122105871639, 'bb_lower_pct': 0.001036559724550596, 'bb_upper_pct': 0.9770987843179602, 'sl': 0.019981829502111727, 'tp': 0.032884119462093644, 'capital_fraction': 0.36140266820389055}"
2022-07-27,2022-08-26,2022-08-26,2022-09-02,ok,33.30874386837172,9.877628803253174,0.975,0.972718253968254,0.16941512703079473,0.19039762913269487,-0.03426005609561,0.1705122276408374,0.5555555555555556,1.0029481151828918,9,892451.0592877254,"{'rsi_window': 26, 'rsi_lower': 33, 'rsi_upper': 78, 'macd_fast': 19, 'macd_slow': 34, 'macd_signal': 5, 'bb_window': 18, 'bb_std': 2.9929801166320047, 'bb_lower_pct': 0.20197745666812195, 'bb_upper_pct': 0.8383748505133815, 'sl': 0.02157634206113926, 'tp': 0.040211749296316136, 'capital_fraction': 0.38787567763424896}"
2022-08-03,2022-09-02,2022-09-02,2022-09-09,ok,106.82115250877466,10.112298011779785,0.9723379629629629,0.9791666666666666,-11.404680378191753,-12.58667477575279,-0.03104762125663696,-21.500958847346617,0.3333333333333333,0.4092020904816189,9,874251.6639588919,"{'rsi_window': 25, 'rsi_lower': 31, 'rsi_upper': 74, 'macd_fast': 14, 'macd_slow': 34, 'macd_signal': 9, 'bb_window': 15, 'bb_std': 1.9296434732281331, 'bb_lower_pct': 0.03192919025277453, 'bb_upper_pct': 0.9054140325591354, 'sl': 0.010717185050282341, 'tp': 0.04524245879214645, 'capital_fraction': 0.4367962609604626}"
2022-08-10,2022-09-09,2022-09-09,2022-09-16,ok,49.77335027902854,9.976207256317139,0.9738425925925925,0.9821428571428571,-16.230205244599365,-26.513417015626814,-0.047624847516473445,-17.84262566690132,0.4444444444444444,0.43410286499111683,18,843640.4569623328,"{'rsi_window': 21, 'rsi_lower': 29, 'rsi_upper': 80, 'macd_fast': 16, 'macd_slow': 23, 'macd_signal': 13, 'bb_window': 37, 'bb_std': 2.501057588723695, 'bb_lower_pct': 0.0753635294961366, 'bb_upper_pct': 0.7061581641551931, 'sl': 0.027821035176995162, 'tp': 0.049949364196832886, 'capital_fraction': 0.308488007587221}"
2022-08-17,2022-09-16,2022-09-16,2022-09-23,ok,31.666892300260272,10.108213901519775,0.9799768518518519,0.9895833333333334,-1.5539732106213897,-2.1885464324415116,-0.026923793542375396,-6.558508645419746,0.4444444444444444,0.9199475424925067,18,840598.1218898855,"{'rsi_window': 18, 'rsi_lower': 24, 'rsi_upper': 68, 'macd_fast': 20, 'macd_slow': 36, 'macd_signal': 12, 'bb_window': 29, 'bb_std': 2.5854865862228427, 'bb_lower_pct': 0.13147267222031994, 'bb_upper_pct': 0.7254077104448312, 'sl': 0.018293239151364573, 'tp': 0.0492894223489051, 'capital_fraction': 0.37735012897514053}"
2022-08-24,2022-09-23,2022-09-23,2022-09-30,ok,-3.0990612660745724,10.020912170410156,0.9824074074074074,0.9662698412698413,-33.91702249124904,-40.85691695949288,-0.09630982463885329,-10.316536440144192,0.5,0.29619300828806694,62,765056.1142570485,"{'rsi_window': 5, 'rsi_lower': 43, 'rsi_upper': 62, 'macd_fast': 5, 'macd_slow': 21, 'macd_signal': 7, 'bb_window': 34, 'bb_std': 2.168203250685739, 'bb_lower_pct': 4.27069159604042e-05, 'bb_upper_pct': 0.8128430059346543, 'sl': 0.019801197510286916, 'tp': 0.006010756025358453, 'capital_fraction': 0.43724312865844056}"
2022-08-31,2022-09-30,2022-09-30,2022-10-07,ok,151.22082203414845,9.891742944717407,0.9809027777777778,0.9657738095238095,12.218515379305753,18.329115847322246,-0.00950960973417736,144.8807748852495,0.6666666666666666,7.392041889637421,3,777413.7388581514,"{'rsi_window': 12, 'rsi_lower': 20, 'rsi_upper': 83, 'macd_fast': 19, 'macd_slow': 26, 'macd_signal': 13, 'bb_window': 23, 'bb_std': 2.626865106493635, 'bb_lower_pct': 0.06094730267264424, 'bb_upper_pct': 0.9061101928859981, 'sl': 0.027393786148490595, 'tp': 0.0401204664138905, 'capital_fraction': 0.3186376632051308}"
2022-09-07,2022-10-07,2022-10-07,2022-10-14,ok,52.48434230905052,9.724889993667603,0.9777777777777777,0.9756944444444444,-17.224487336438127,-17.946392957832984,-0.022248325769379296,-30.632358742659054,0.26666666666666666,0.39427354973779793,15,761122.8952815231,"{'rsi_window': 15, 'rsi_lower': 34, 'rsi_upper': 76, 'macd_fast': 16, 'macd_slow': 31, 'macd_signal': 14, 'bb_window': 12, 'bb_std': 2.5856167526454135, 'bb_lower_pct': 0.20648835564862222, 'bb_upper_pct': 0.9751388989814129, 'sl': 0.011630354214754847, 'tp': 0.05678014421736385, 'capital_fraction': 0.32672780069792684}"
2022-09-14,2022-10-14,2022-10-14,2022-10-21,ok,31.80607758945251,9.768043994903564,0.9762731481481481,0.9771825396825397,-14.047707508980308,-15.955470700195882,-0.0030419697263387446,-46.658305713647145,0.5,0.32779285529114577,6,758948.5231647425,"{'rsi_window': 25, 'rsi_lower': 20, 'rsi_upper': 73, 'macd_fast': 19, 'macd_slow': 35, 'macd_signal': 14, 'bb_window': 34, 'bb_std': 2.499679702890685, 'bb_lower_pct': 0.22009991045384594, 'bb_upper_pct': 0.9290093536685727, 'sl': 0.02832555925286619, 'tp': 0.03852135448574807, 'capital_fraction': 0.0670213622599259}"
2022-09-21,2022-10-21,2022-10-21,2022-10-28,ok,62.959825782996106,9.829041957855225,0.9733796296296297,0.9747023809523809,-0.8906102847723119,-0.7736394773136976,-0.016803091925484348,-3.116596669693683,0.2727272727272727,0.9490503238177986,11,758183.2167881291,"{'rsi_window': 12, 'rsi_lower': 27, 'rsi_upper': 80, 'macd_fast': 11, 'macd_slow': 28, 'macd_signal': 10, 'bb_window': 15, 'bb_std': 2.5908831053279324, 'bb_lower_pct': 0.15162608324571605, 'bb_upper_pct': 0.9661271178761681, 'sl': 0.005602686915723871, 'tp': 0.04741781986175274, 'capital_fraction': 0.3774100813416769}"
2022-09-28,2022-10-28,2022-10-28,2022-11-04,ok,47.1031985241703,9.76786994934082,0.9723379629629629,1.0034722222222223,-14.831612162654608,-17.117580272910526,-0.007622529357710461,-34.90436804621228,0.4444444444444444,0.11944239970773211,9,753763.876559801,"{'rsi_window': 14, 'rsi_lower': 28, 'rsi_upper': 85, 'macd_fast': 16, 'macd_slow': 22, 'macd_signal': 6, 'bb_window': 11, 'bb_std': 2.178274321374646, 'bb_lower_pct': 0.09488198094564314, 'bb_upper_pct': 0.8748333581955264, 'sl': 0.019376473250383337, 'tp': 0.05320315593916866, 'capital_fraction': 0.10618778821600722}"
2022-10-05,2022-11-04,2022-11-04,2022-11-11,ok,25.104419890423188,10.029871225357056,0.9806712962962963,0.9920634920634921,-0.19383073489967978,-0.1265122859470667,-0.024587065640540584,-1.2760476518888149,0.4,0.9773945459424341,10,753316.9955833138,"{'rsi_window': 15, 'rsi_lower': 22, 'rsi_upper': 85, 'macd_fast': 20, 'macd_slow': 31, 'macd_signal': 14, 'bb_window': 25, 'bb_std': 2.9098438132310265, 'bb_lower_pct': 0.17733620547915643, 'bb_upper_pct': 0.8236529691075909, 'sl': 0.012005262844030667, 'tp': 0.024758646190621843, 'capital_fraction': 0.4323706153528538}"
2022-10-12,2022-11-11,2022-11-11,2022-11-18,ok,-2.8431808611761467,10.306087017059326,0.9879629629629629,0.9885912698412699,-23.05157336630233,-27.04861885475633,-0.06763396888121054,-14.290100549142213,0.5454545454545454,0.3741390806321183,55,708348.4314966729,"{'rsi_window': 16, 'rsi_lower': 32, 'rsi_upper': 72, 'macd_fast': 5, 'macd_slow': 27, 'macd_signal': 12, 'bb_window': 18, 'bb_std': 1.6297069746672468, 'bb_lower_pct': 0.1941421260124817, 'bb_upper_pct': 0.7474273747508625, 'sl': 0.011681622457388356, 'tp': 0.00545420817880176, 'capital_fraction': 0.4999849527304196}"
2022-10-19,2022-11-18,2022-11-18,2022-11-25,ok,-2.3161202546694386,9.984139204025269,0.9887731481481481,0.9945436507936508,-37.96502299116407,-44.48580651871008,-0.08000334541631704,-12.310928712161148,0.3253012048192771,0.31018592283863483,83,654865.9480218812,"{'rsi_window': 21, 'rsi_lower': 42, 'rsi_upper': 84, 'macd_fast': 5, 'macd_slow': 26, 'macd_signal': 6, 'bb_window': 13, 'bb_std': 1.5630054772374762, 'bb_lower_pct': 0.28730282953469016, 'bb_upper_pct': 0.7598512010805514, 'sl': 0.007554844234950022, 'tp': 0.007287591387631957, 'capital_fraction': 0.4887595809918549}"
2022-10-26,2022-11-25,2022-11-25,2022-12-02,ok,14.78117818784438,9.90770697593689,0.9925925925925926,0.9866071428571429,-19.501343299199515,-20.45174339385067,-0.03401866605522286,-23.087161723899808,0.3333333333333333,0.1375245891183932,15,636307.989279043,"{'rsi_window': 15, 'rsi_lower': 20, 'rsi_upper': 66, 'macd_fast': 11, 'macd_slow': 25, 'macd_signal': 8, 'bb_window': 11, 'bb_std': 2.355395997732694, 'bb_lower_pct': 0.1400640828093997, 'bb_upper_pct': 0.8030692264017355, 'sl': 0.009003813832362064, 'tp': 0.057776783809299806, 'capital_fraction': 0.44111624554672774}"
2022-11-02,2022-12-02,2022-12-02,2022-12-09,ok,29.231310104593767,10.319928884506226,0.9913194444444444,0.9920634920634921,-16.44943792935279,-19.294829026897858,-0.019917249400857706,-32.30036619753561,0.2222222222222222,0.09829083168298546,9,624109.7876768039,"{'rsi_window': 20, 'rsi_lower': 27, 'rsi_upper': 84, 'macd_fast': 9, 'macd_slow': 26, 'macd_signal': 14, 'bb_window': 10, 'bb_std': 2.2870603986243956, 'bb_lower_pct': 0.028194900376205766, 'bb_upper_pct': 0.8907989709544046, 'sl': 0.027345450177017998, 'tp': 0.037523001650082086, 'capital_fraction': 0.4326520511247244}"
2022-11-09,2022-12-09,2022-12-09,2022-12-16,ok,69.09052244945447,9.739268064498901,0.9903935185185185,0.9871031746031746,-8.571665230679226,-9.067746068695566,-0.013301936074411103,-23.122038087227622,0.42857142857142855,0.5074124290309652,7,619822.1324564742,"{'rsi_window': 18, 'rsi_lower': 25, 'rsi_upper': 79, 'macd_fast': 10, 'macd_slow': 33, 'macd_signal': 9, 'bb_window': 14, 'bb_std': 2.995350975743031, 'bb_lower_pct': 0.19198186408438705, 'bb_upper_pct': 0.8633298252378384, 'sl': 0.02828523700188428, 'tp': 0.020463297864548653, 'capital_fraction': 0.21648482242082545}"
2022-11-16,2022-12-16,2022-12-16,2022-12-23,ok,-3.7605052182243752,10.506455898284912,0.9896990740740741,0.9935515873015873,-35.492763185627936,-37.20017781232297,-0.06704482597793904,-14.379201097848854,0.2222222222222222,0.24499849775285207,54,582285.6457107073,"{'rsi_window': 9, 'rsi_lower': 40, 'rsi_upper': 56, 'macd_fast': 17, 'macd_slow': 32, 'macd_signal': 6, 'bb_window': 35, 'bb_std': 1.698263024321521, 'bb_lower_pct': 0.1527748009441205, 'bb_upper_pct': 0.9659955119603947, 'sl': 0.0035957307914336635, 'tp': 0.016554567164236596, 'capital_fraction': 0.4877186649928244}"
2022-11-23,2022-12-23,2022-12-23,2022-12-30,ok,31.044014980889276,10.594493865966797,0.9891203703703704,0.9930555555555556,-8.487984354288931,-8.964093117204877,-0.007783122199091386,-23.621245147763624,0.0,0.0,2,580068.8954699053,"{'rsi_window': 17, 'rsi_lower': 40, 'rsi_upper': 81, 'macd_fast': 19, 'macd_slow': 24, 'macd_signal': 13, 'bb_window': 30, 'bb_std': 2.9421668754201664, 'bb_lower_pct': 0.16678646099059877, 'bb_upper_pct': 0.9074722778224582, 'sl': 0.010164434621638995, 'tp': 0.034057015703866475, 'capital_fraction': 0.2566032739960701}"
2022-11-30,2022-12-30,2022-12-30,2023-01-06,ok,4.512208992071906,10.704828023910522,0.9892361111111111,0.9900793650793651,-3.3727271622274126,-3.97197875252916,-0.005635831301198713,-15.70113440595924,0.4,0.5265794909094544,5,579061.223355674,"{'rsi_window': 25, 'rsi_lower': 20, 'rsi_upper': 74, 'macd_fast': 17, 'macd_slow': 23, 'macd_signal': 10, 'bb_window': 23, 'bb_std': 2.745809486324095, 'bb_lower_pct': 0.18518106992650596, 'bb_upper_pct': 0.8625806327665774, 'sl': 0.026570574272647942, 'tp': 0.018620324687170862, 'capital_fraction': 0.28457225368703337}"
2022-12-07,2023-01-06,2023-01-06,2023-01-13,ok,-3.4794626447422052,10.765393018722534,0.9905092592592593,0.9930555555555556,-63.76252761702029,-68.74126450376089,-0.10597280203157644,-9.409941977340814,0.12903225806451613,0.05687899525673613,62,518159.29013813817,"{'rsi_window': 5, 'rsi_lower': 39, 'rsi_upper': 59, 'macd_fast': 7, 'macd_slow': 22, 'macd_signal': 8, 'bb_window': 23, 'bb_std': 1.5134259569198045, 'bb_lower_pct': 0.29096116757049295, 'bb_upper_pct': 0.9735349592002869, 'sl': 0.005698611035802583, 'tp': 0.024949865360771453, 'capital_fraction': 0.49142097427018805}"
2022-12-14,2023-01-13,2023-01-13,2023-01-20,ok,-3.6687922720253523,11.130345344543457,0.991550925925926,0.9841269841269841,-26.00271587105879,-31.517710423763344,-0.07886810232349162,-12.498940882658239,0.29213483146067415,0.43524076773233367,89,478728.2922986244,"{'rsi_window': 5, 'rsi_lower': 42, 'rsi_upper': 77, 'macd_fast': 9, 'macd_slow': 35, 'macd_signal': 8, 'bb_window': 24, 'bb_std': 1.8808564573864417, 'bb_lower_pct': 0.287652390472198, 'bb_upper_pct': 0.8179226523951622, 'sl': 0.003052353887834344, 'tp': 0.02440464011219753, 'capital_fraction': 0.49895667647004044}"
2022-12-21,2023-01-20,2023-01-20,2023-01-27,ok,46.80698917384408,11.177897930145264,0.9888888888888889,0.9841269841269841,-8.967180209243326,-8.15931050545339,-0.025249482440713233,-19.064306086905127,0.5,0.6042324381500145,12,473022.678259337,"{'rsi_window': 22, 'rsi_lower': 45, 'rsi_upper': 81, 'macd_fast': 15, 'macd_slow': 38, 'macd_signal': 12, 'bb_window': 25, 'bb_std': 2.9196087052471595, 'bb_lower_pct': 0.08066524679514099, 'bb_upper_pct': 0.9944200549286984, 'sl': 0.016476981213249572, 'tp': 0.012226423487756903, 'capital_fraction': 0.3168232605948355}"
2022-12-28,2023-01-27,2023-01-27,2023-02-03,ok,53.76239847354536,11.320935249328613,0.9884259259259259,0.9915674603174603,3.851279661932971,4.741214514944206,-0.024961005903238465,20.480131199175297,0.625,1.4786086758540622,8,476718.9652011385,"{'rsi_window': 7, 'rsi_lower': 43, 'rsi_upper': 85, 'macd_fast': 20, 'macd_slow': 25, 'macd_signal': 8, 'bb_window': 18, 'bb_std': 2.412613232800821, 'bb_lower_pct': 0.06771386718671406, 'bb_upper_pct': 0.8982849192851117, 'sl': 0.016154530750714033, 'tp': 0.052261271195636325, 'capital_fraction': 0.4300730253518141}"
2023-01-04,2023-02-03,2023-02-03,2023-02-10,ok,63.20799288170336,11.121369123458862,0.9878472222222222,0.9945436507936508,-17.76819762445052,-20.8859843024873,-0.005927149939323528,-42.723290469488596,0.0,0.0,5,474111.306205759,"{'rsi_window': 20, 'rsi_lower': 44, 'rsi_upper': 82, 'macd_fast': 15, 'macd_slow': 32, 'macd_signal': 8, 'bb_window': 20, 'bb_std': 2.9316908040271974, 'bb_lower_pct': 0.21230509098302658, 'bb_upper_pct': 0.867015886203412, 'sl': 0.01255463385821427, 'tp': 0.03275692295702436, 'capital_fraction': 0.07758078212840135}"
2023-01-11,2023-02-10,2023-02-10,2023-02-17,ok,-2.6715973406596496,11.199020147323608,0.9895833333333334,0.9970238095238095,-56.69662496001958,-58.94195927552568,-0.10064800757156833,-9.89966050889406,0.323943661971831,0.15323631799643256,71,426392.9478689956,"{'rsi_window': 5, 'rsi_lower': 30, 'rsi_upper': 71, 'macd_fast': 6, 'macd_slow': 23, 'macd_signal': 6, 'bb_window': 12, 'bb_std': 2.1233751289413396, 'bb_lower_pct': 0.29175493135157454, 'bb_upper_pct': 0.7199120141341263, 'sl': 0.0060422533016538035, 'tp': 0.0050435950580013655, 'capital_fraction': 0.4768177264755472}"
2023-01-18,2023-02-17,2023-02-17,2023-02-24,ok,-3.180579118246804,11.205061912536621,0.9909722222222223,0.9900793650793651,-11.511297785715271,-14.088001732093877,-0.02557020554134415,-23.099916374614377,0.3888888888888889,0.5585494302124288,18,419287.46289106435,"{'rsi_window': 14, 'rsi_lower': 30, 'rsi_upper': 76, 'macd_fast': 12, 'macd_slow': 29, 'macd_signal': 7, 'bb_window': 14, 'bb_std': 1.851255878502319, 'bb_lower_pct': 0.0052198820322339355, 'bb_upper_pct': 0.9088156765583321, 'sl': 0.016121635501869114, 'tp': 0.028826590361792016, 'capital_fraction': 0.2823302824329766}"
2023-01-25,2023-02-24,2023-02-24,2023-03-03,ok,9.687110911640277,11.078972816467285,0.9916666666666667,0.9885912698412699,-0.6917978570333959,-0.9284232343452986,-0.008741611007592076,-4.643603007838511,0.4,0.9080928382224649,5,418962.19527266576,"{'rsi_window': 27, 'rsi_lower': 28, 'rsi_upper': 72, 'macd_fast': 7, 'macd_slow': 24, 'macd_signal': 7, 'bb_window': 17, 'bb_std': 2.88825803756167, 'bb_lower_pct': 0.1131732744459019, 'bb_upper_pct': 0.8734966647678456, 'sl': 0.008147628167291044, 'tp': 0.0526513755387529, 'capital_fraction': 0.26459427334074737}"
2023-02-01,2023-03-03,2023-03-03,2023-03-10,ok,10.51042915117173,11.288654088973999,0.993287037037037,0.9995039682539683,7.866489380233271,10.332088809488749,-0.014551636856732775,67.40795204552566,0.5,1.7773140024384422,10,424376.46779032086,"{'rsi_window': 17, 'rsi_lower': 20, 'rsi_upper': 64, 'macd_fast': 16, 'macd_slow': 25, 'macd_signal': 8, 'bb_window': 36, 'bb_std': 2.533437922582897, 'bb_lower_pct': 0.010272156353255086, 'bb_upper_pct': 0.7593454039843898, 'sl': 0.006742652610827545, 'tp': 0.043018295127569946, 'capital_fraction': 0.43675615618411356}"
2023-02-08,2023-03-10,2023-03-10,2023-03-17,ok,3.1371788711660464,11.102900981903076,0.9944444444444445,0.8611111111111112,-18.768199780900638,-20.826234590186072,-0.05390435119490222,-16.916717020413124,0.07692307692307693,0.2015868836444139,13,405484.7452505771,"{'rsi_window': 21, 'rsi_lower': 29, 'rsi_upper': 65, 'macd_fast': 11, 'macd_slow': 22, 'macd_signal': 15, 'bb_window': 29, 'bb_std': 2.2446448860506707, 'bb_lower_pct': 0.010575322302595247, 'bb_upper_pct': 0.7036376084663505, 'sl': 0.017564693476035387, 'tp': 0.04774507207894474, 'capital_fraction': 0.26195631802400965}"
2023-02-15,2023-03-17,2023-03-17,2023-03-24,ok,-2.607914122361904,10.74562931060791,0.9627314814814815,0.998015873015873,-23.746728224763274,-28.86630941393789,-0.11844544379291555,-8.41864146341991,0.40350877192982454,0.3501503395015129,57,363115.14494702674,"{'rsi_window': 11, 'rsi_lower': 43, 'rsi_upper': 64, 'macd_fast': 6, 'macd_slow': 28, 'macd_signal': 6, 'bb_window': 12, 'bb_std': 1.7113771026687745, 'bb_lower_pct': 0.2307704684839592, 'bb_upper_pct': 0.730004209179844, 'sl': 0.021171047657093565, 'tp': 0.03064345890037754, 'capital_fraction': 0.4932803951452921}"
2023-02-22,2023-03-24,2023-03-24,2023-03-31,ok,6.773124735001475,10.17152214050293,0.9628472222222222,0.7018849206349206,-2.654769250571803,-2.9650011007165444,-0.015046749971136086,-15.802974091425014,0.6363636363636364,0.8389787911039142,11,361301.3612539304,"{'rsi_window': 19, 'rsi_lower': 32, 'rsi_upper': 73, 'macd_fast': 11, 'macd_slow': 36, 'macd_signal': 10, 'bb_window': 20, 'bb_std': 2.2953141832159414, 'bb_lower_pct': 0.16938639613839246, 'bb_upper_pct': 0.9677610164524437, 'sl': 0.023371320321320617, 'tp': 0.01745459745912208, 'capital_fraction': 0.3749611562038482}"
2023-03-01,2023-03-31,2023-03-31,2023-04-07,ok,12.929737257354473,9.659667015075684,0.8976851851851851,0.9920634920634921,1.5406554953179028,1.9440271780533978,-0.014577481675133508,8.670026512800606,0.75,1.2914373044400467,4,362094.8558222576,"{'rsi_window': 23, 'rsi_lower': 36, 'rsi_upper': 81, 'macd_fast': 7, 'macd_slow': 35, 'macd_signal': 14, 'bb_window': 39, 'bb_std': 2.979099895620882, 'bb_lower_pct': 0.2757350020591659, 'bb_upper_pct': 0.9512560576331541, 'sl': 0.024255695298652964, 'tp': 0.05005019180914105, 'capital_fraction': 0.28002339594672576}"
2023-03-08,2023-04-07,2023-04-07,2023-04-14,ok,15.482244577822879,9.296933889389038,0.8957175925925925,0.9682539682539683,7.295960841486741,10.016281839185858,-0.011882687461433727,68.17177197106881,0.2857142857142857,1.9923133994627706,7,366005.03085546085,"{'rsi_window': 25, 'rsi_lower': 43, 'rsi_upper': 83, 'macd_fast': 12, 'macd_slow': 22, 'macd_signal': 10, 'bb_window': 32, 'bb_std': 2.896054773422668, 'bb_lower_pct': 0.2667197872724154, 'bb_upper_pct': 0.9457889686714782, 'sl': 0.003663549291886709, 'tp': 0.05032402202335562, 'capital_fraction': 0.4114798828154532}"
2023-03-15,2023-04-14,2023-04-14,2023-04-21,ok,15.850645057953884,9.983253002166748,0.9203703703703704,0.9796626984126984,-16.302812072149674,-17.62226419618185,-0.01766041198528212,-30.379853895233705,0.3333333333333333,0.2770607105809915,9,360763.88871030626,"{'rsi_window': 24, 'rsi_lower': 23, 'rsi_upper': 82, 'macd_fast': 6, 'macd_slow': 28, 'macd_signal': 6, 'bb_window': 24, 'bb_std': 2.7746230244337386, 'bb_lower_pct': 0.22926304609723797, 'bb_upper_pct': 0.9982791565922786, 'sl': 0.015812460320182055, 'tp': 0.03191747056240042, 'capital_fraction': 0.18158622651216577}"
2023-03-22,2023-04-21,2023-04-21,2023-04-28,ok,87.58428674459431,9.927929162979126,0.9166666666666666,0.9037698412698413,23.08910232628036,29.032641984186366,-0.008377364203965953,710.4739055497433,0.6666666666666666,4.461476658158686,9,374201.70484474953,"{'rsi_window': 20, 'rsi_lower': 33, 'rsi_upper': 74, 'macd_fast': 18, 'macd_slow': 27, 'macd_signal': 5, 'bb_window': 17, 'bb_std': 2.2881704467976145, 'bb_lower_pct': 0.05061348822354529, 'bb_upper_pct': 0.9860672303553577, 'sl': 0.010939769685119978, 'tp': 0.05805266015197548, 'capital_fraction': 0.2611648856729825}"
2023-03-29,2023-04-28,2023-04-28,2023-05-05,ok,16.699204549324502,10.01741909980774,0.960300925925926,0.9756944444444444,-4.965262905904257,-5.612650331549898,-0.0319604670158008,-15.127479310184846,0.42857142857142855,0.647210571139469,7,369614.41465908114,"{'rsi_window': 19, 'rsi_lower': 40, 'rsi_upper': 83, 'macd_fast': 8, 'macd_slow': 39, 'macd_signal': 12, 'bb_window': 13, 'bb_std': 2.265334889389324, 'bb_lower_pct': 0.08275535726400496, 'bb_upper_pct': 0.9572097246338429, 'sl': 0.018359945438886815, 'tp': 0.03348104628621777, 'capital_fraction': 0.4823999640309777}"
2023-04-05,2023-05-05,2023-05-05,2023-05-12,ok,73.85429279896532,9.914166927337646,0.9584490740740741,0.9737103174603174,7.469340234022416,6.151080749797584,-0.016387257393689847,76.83068337873088,0.6666666666666666,3.8516090602624256,3,375330.70282038127,"{'rsi_window': 23, 'rsi_lower': 29, 'rsi_upper': 81, 'macd_fast': 17, 'macd_slow': 27, 'macd_signal': 9, 'bb_window': 11, 'bb_std': 2.244138750596026, 'bb_lower_pct': 0.05716146159663934, 'bb_upper_pct': 0.9611645300342275, 'sl': 0.010026811553573097, 'tp': 0.05590999525975601, 'capital_fraction': 0.4245129158089689}"
2023-04-12,2023-05-12,2023-05-12,2023-05-19,ok,203.1715137773566,9.843888759613037,0.959375,0.9756944444444444,8.17761052767,8.485611621029616,-0.01810032829930963,68.15010265177524,0.6666666666666666,3.148920352139064,3,381004.4245661908,"{'rsi_window': 18, 'rsi_lower': 27, 'rsi_upper': 74, 'macd_fast': 11, 'macd_slow': 38, 'macd_signal': 13, 'bb_window': 14, 'bb_std': 2.8743140812751795, 'bb_lower_pct': 0.22330037141093623, 'bb_upper_pct': 0.9517058665035181, 'sl': 0.013079828846759704, 'tp': 0.04304391311131779, 'capital_fraction': 0.4440057674654871}"
2023-04-19,2023-05-19,2023-05-19,2023-05-26,ok,124.95423178494906,9.869404077529907,0.960300925925926,0.9801587301587301,-10.123182351733506,-9.830601243420732,-0.0184174732954967,-30.049149674290586,0.3333333333333333,0.42395283327680156,6,375301.1860383376,"{'rsi_window': 19, 'rsi_lower': 26, 'rsi_upper': 77, 'macd_fast': 6, 'macd_slow': 33, 'macd_signal': 12, 'bb_window': 34, 'bb_std': 2.938677228190582, 'bb_lower_pct': 0.04720946042456453, 'bb_upper_pct': 0.9645246732970147, 'sl': 0.01543569289468118, 'tp': 0.05246700256969877, 'capital_fraction': 0.4538727327177427}"
2023-04-26,2023-05-26,2023-05-26,2023-06-02,ok,153.0567270612336,10.031137943267822,0.978125,0.9786706349206349,-2.456967489373107,-2.278428910937352,-0.010858430857665469,-8.55444661469964,0.5,0.8060247141529249,4,374618.34294169577,"{'rsi_window': 18, 'rsi_lower': 27, 'rsi_upper': 74, 'macd_fast': 14, 'macd_slow': 32, 'macd_signal': 12, 'bb_window': 36, 'bb_std': 2.9836337407902915, 'bb_lower_pct': 0.11334450128466456, 'bb_upper_pct': 0.9625033013654288, 'sl': 0.025100775047371297, 'tp': 0.05462831128428882, 'capital_fraction': 0.21422972160741793}"
2023-05-03,2023-06-02,2023-06-02,2023-06-09,ok,34.70047577976127,10.29241132736206,0.9785879629629629,0.9786706349206349,-8.887889872948614,-9.474826849456962,-0.03624059422055781,-16.51970845378119,0.5,0.4794459298271469,10,368229.0384796698,"{'rsi_window': 28, 'rsi_lower': 34, 'rsi_upper': 65, 'macd_fast': 9, 'macd_slow': 24, 'macd_signal': 9, 'bb_window': 30, 'bb_std': 2.711837268604867, 'bb_lower_pct': 0.03880420514911346, 'bb_upper_pct': 0.7511601815239541, 'sl': 0.026307255433664824, 'tp': 0.03330793093814445, 'capital_fraction': 0.35135334684875863}"
2023-05-10,2023-06-09,2023-06-09,2023-06-16,ok,27.019375843845133,10.0677649974823,0.9797453703703703,0.9756944444444444,16.263663452809418,24.670008790755386,-0.008384370458601298,331.1111154359461,0.8,9.084638257920579,5,377478.2382320481,"{'rsi_window': 26, 'rsi_lower': 25, 'rsi_upper': 67, 'macd_fast': 17, 'macd_slow': 34, 'macd_signal': 10, 'bb_window': 28, 'bb_std': 2.959776448527202, 'bb_lower_pct': 0.14960896448137176, 'bb_upper_pct': 0.8476556465021277, 'sl': 0.02508244441702817, 'tp': 0.040480649622797835, 'capital_fraction': 0.3012166477601816}"
2023-05-17,2023-06-16,2023-06-16,2023-06-23,ok,132.37437242306746,10.312112092971802,0.9797453703703703,0.9737103174603174,-10.392880884154758,-8.535356434390998,-0.015547317965252216,-29.707339968446444,0.0,0.0,1,373147.2247526103,"{'rsi_window': 22, 'rsi_lower': 30, 'rsi_upper': 84, 'macd_fast': 12, 'macd_slow': 38, 'macd_signal': 15, 'bb_window': 27, 'bb_std': 2.814477207045076, 'bb_lower_pct': 0.14310026229319034, 'bb_upper_pct': 0.8414354318771015, 'sl': 0.02449460637277856, 'tp': 0.056275475691653996, 'capital_fraction': 0.424549470437988}"
2023-05-24,2023-06-23,2023-06-23,2023-06-30,ok,62.28674324363372,10.22709584236145,0.978125,0.9722222222222222,0.9003948428940135,1.0657439213969464,-0.0045699521730027115,6.387811851417549,1.0,inf,1,373347.6419550954,"{'rsi_window': 24, 'rsi_lower': 30, 'rsi_upper': 84, 'macd_fast': 20, 'macd_slow': 30, 'macd_signal': 11, 'bb_window': 12, 'bb_std': 2.6216623178941476, 'bb_lower_pct': 0.08634560709541751, 'bb_upper_pct': 0.9358340839119579, 'sl': 0.017693729231394537, 'tp': 0.04892573503425747, 'capital_fraction': 0.1429081461087422}"
2023-05-31,2023-06-30,2023-06-30,2023-07-07,ok,-3.1029802491041294,10.048166036605835,0.9767361111111111,0.96875,-45.81939558643483,-52.67989096472405,-0.09188863256894964,-10.818595370926113,0.175,0.2294769872725729,80,338902.299649672,"{'rsi_window': 5, 'rsi_lower': 39, 'rsi_upper': 66, 'macd_fast': 8, 'macd_slow': 32, 'macd_signal': 10, 'bb_window': 26, 'bb_std': 1.7119590585465867, 'bb_lower_pct': 0.2940901086492693, 'bb_upper_pct': 0.7448605552947, 'sl': 0.0030813012911228704, 'tp': 0.019852948811619503, 'capital_fraction': 0.42897850788526914}"
2023-06-07,2023-07-07,2023-07-07,2023-07-14,ok,84.01143873671352,10.116072177886963,0.9744212962962963,0.9895833333333334,9.026826627965656,10.010822257834086,-0.004431187190752084,80.14987836158487,0.5,19.51245414499621,2,340836.7261066543,"{'rsi_window': 26, 'rsi_lower': 31, 'rsi_upper': 82, 'macd_fast': 16, 'macd_slow': 35, 'macd_signal': 12, 'bb_window': 30, 'bb_std': 2.753145314870036, 'bb_lower_pct': 0.1611995869455601, 'bb_upper_pct': 0.8693076734610646, 'sl': 0.025462165811982775, 'tp': 0.035989134425754715, 'capital_fraction': 0.17994483956719215}"
2023-06-14,2023-07-14,2023-07-14,2023-07-21,ok,4.525900572551536,10.47687292098999,0.977662037037037,0.9826388888888888,-10.037449538488344,-10.690390122339837,-0.0021190634873521352,-46.410325675115516,0.14285714285714285,0.03466848819180661,7,340174.5504538834,"{'rsi_window': 25, 'rsi_lower': 36, 'rsi_upper': 70, 'macd_fast': 17, 'macd_slow': 23, 'macd_signal': 15, 'bb_window': 22, 'bb_std': 1.9642276096277393, 'bb_lower_pct': 0.00849565429354977, 'bb_upper_pct': 0.9918317898436618, 'sl': 0.011161703424960635, 'tp': 0.051840893610330396, 'capital_fraction': 0.052833352665822425}"
2023-06-21,2023-07-21,2023-07-21,2023-07-28,ok,32.59061154157277,9.98747706413269,0.9797453703703703,0.972718253968254,-2.9152024566743098,-2.9281711002616535,-0.009787048927314634,-11.107865641656872,0.75,0.7322798359914175,4,339451.8013097274,"{'rsi_window': 14, 'rsi_lower': 35, 'rsi_upper': 84, 'macd_fast': 8, 'macd_slow': 36, 'macd_signal': 13, 'bb_window': 34, 'bb_std': 2.71161448893762, 'bb_lower_pct': 0.2605453707181483, 'bb_upper_pct': 0.99530014193412, 'sl': 0.029807020234233046, 'tp': 0.03991400219206923, 'capital_fraction': 0.24464978054254727}"
2023-06-28,2023-07-28,2023-07-28,2023-08-04,ok,26.649057775586762,9.982472896575928,0.9798611111111111,0.9756944444444444,3.9820676705195863,3.979812281670035,-0.014730887384417746,18.05005626727014,0.8,1.401823371657748,5,340948.6396396824,"{'rsi_window': 28, 'rsi_lower': 29, 'rsi_upper': 66, 'macd_fast': 17, 'macd_slow': 40, 'macd_signal': 13, 'bb_window': 13, 'bb_std': 2.970092221990607, 'bb_lower_pct': 0.03921985624512175, 'bb_upper_pct': 0.8303615944871704, 'sl': 0.02850726151987159, 'tp': 0.025645077258255357, 'capital_fraction': 0.351002834117644}"
2023-07-05,2023-08-04,2023-08-04,2023-08-11,ok,3.2461983153391025,10.430763959884644,0.9814814814814815,0.970734126984127,-4.442026402325311,-6.029973493371227,-0.01277454624149943,-12.446951749873843,0.8333333333333334,0.45405891572401835,6,339851.99289440206,"{'rsi_window': 23, 'rsi_lower': 28, 'rsi_upper': 63, 'macd_fast': 19, 'macd_slow': 36, 'macd_signal': 10, 'bb_window': 20, 'bb_std': 2.4341459432961026, 'bb_lower_pct': 0.055275590130452044, 'bb_upper_pct': 0.759964363135066, 'sl': 0.020367201809904763, 'tp': 0.043905108761262954, 'capital_fraction': 0.2570375411466015}"
2023-07-12,2023-08-11,2023-08-11,2023-08-18,ok,118.55378634167012,10.16604208946228,0.977199074074074,0.9751984126984127,14.44914479498306,20.775017703362177,-0.009180299438697914,186.6051014772047,0.75,3.4222313276227285,4,346241.20325209067,"{'rsi_window': 17, 'rsi_lower': 22, 'rsi_upper': 77, 'macd_fast': 19, 'macd_slow': 37, 'macd_signal': 14, 'bb_window': 29, 'bb_std': 2.8658763449102285, 'bb_lower_pct': 0.0733657745187804, 'bb_upper_pct': 0.8302391427367385, 'sl': 0.017942506378359827, 'tp': 0.049325502743734956, 'capital_fraction': 0.37873040416472264}"
2023-07-19,2023-08-18,2023-08-18,2023-08-25,ok,4.036284127804519,10.369048118591309,0.975,0.9950396825396826,-3.1485591729461606,-3.5124550166054322,-0.009004355197708258,-10.759064596624595,0.25,0.6285016492950962,4,345583.4399462933,"{'rsi_window': 25, 'rsi_lower': 24, 'rsi_upper': 65, 'macd_fast': 5, 'macd_slow': 38, 'macd_signal': 14, 'bb_window': 38, 'bb_std': 2.857135281560575, 'bb_lower_pct': 0.013606040322886636, 'bb_upper_pct': 0.9718583492143273, 'sl': 0.0077542170016112934, 'tp': 0.05519284214699615, 'capital_fraction': 0.16635723050852236}"
2023-07-26,2023-08-25,2023-08-25,2023-09-01,ok,27.703661194104495,10.600926160812378,0.9798611111111111,0.9657738095238095,-13.938480650421981,-13.263858766356305,-0.022437187651161095,-28.97031875067863,0.3333333333333333,0.33164682210212154,6,338845.00769309734,"{'rsi_window': 22, 'rsi_lower': 22, 'rsi_upper': 57, 'macd_fast': 13, 'macd_slow': 31, 'macd_signal': 13, 'bb_window': 24, 'bb_std': 2.895431510132829, 'bb_lower_pct': 0.05564585851000722, 'bb_upper_pct': 0.7159595811132445, 'sl': 0.019743964968144064, 'tp': 0.022378888674303304, 'capital_fraction': 0.3299151738337456}"
2023-08-02,2023-09-01,2023-09-01,2023-09-08,ok,4.700188208898307,10.229689836502075,0.9782407407407407,0.9756944444444444,-4.517727721421812,-5.565819021771128,-0.021991714936967166,-15.285083993690684,0.3333333333333333,0.0732718575123321,3,336252.52476187726,"{'rsi_window': 26, 'rsi_lower': 22, 'rsi_upper': 65, 'macd_fast': 17, 'macd_slow': 29, 'macd_signal': 12, 'bb_window': 25, 'bb_std': 2.441866318904392, 'bb_lower_pct': 0.03828839158054359, 'bb_upper_pct': 0.700638969248003, 'sl': 0.0057715009850213585, 'tp': 0.05406845396580123, 'capital_fraction': 0.49965319955925863}"
2023-08-09,2023-09-08,2023-09-08,2023-09-15,ok,9.095317681039965,9.940537214279175,0.9784722222222222,0.9747023809523809,-7.57920396240188,-8.063998514405982,-0.011021903960997004,-20.32623032402101,0.2857142857142857,0.6209988353044474,7,334646.1343686351,"{'rsi_window': 27, 'rsi_lower': 22, 'rsi_upper': 75, 'macd_fast': 18, 'macd_slow': 23, 'macd_signal': 5, 'bb_window': 23, 'bb_std': 2.6923152366962246, 'bb_lower_pct': 0.10287263274239102, 'bb_upper_pct': 0.8417588113414608, 'sl': 0.009489311905026889, 'tp': 0.021148607171747522, 'capital_fraction': 0.20972830107260576}"
2023-08-16,2023-09-15,2023-09-15,2023-09-22,ok,-2.82535425674125,10.157710790634155,0.9792824074074075,0.9786706349206349,-62.067426001222,-66.416559115903,-0.11711197610612356,-8.525967125304172,0.24719101123595505,0.12246237275360142,89,295876.39807627676,"{'rsi_window': 6, 'rsi_lower': 42, 'rsi_upper': 58, 'macd_fast': 5, 'macd_slow': 28, 'macd_signal': 6, 'bb_window': 17, 'bb_std': 2.3377831914366025, 'bb_lower_pct': 0.21578925428510337, 'bb_upper_pct': 0.7663150724935879, 'sl': 0.003244836453494302, 'tp': 0.006605229883314396, 'capital_fraction': 0.48907812860420674}"
2023-08-23,2023-09-22,2023-09-22,2023-09-29,ok,-3.5387016540197758,9.97611117362976,0.9752314814814815,0.9737103174603174,-30.82126335193103,-34.917056779559815,-0.05379523764463334,-17.414059881234238,0.3392857142857143,0.19307848418886037,56,281060.36393613275,"{'rsi_window': 14, 'rsi_lower': 32, 'rsi_upper': 55, 'macd_fast': 7, 'macd_slow': 40, 'macd_signal': 15, 'bb_window': 23, 'bb_std': 2.1835949441815834, 'bb_lower_pct': 0.2412531950866993, 'bb_upper_pct': 0.8885214645848994, 'sl': 0.0030596830502118166, 'tp': 0.05869512800225473, 'capital_fraction': 0.4892798251424868}"
2023-08-30,2023-09-29,2023-09-29,2023-10-06,ok,-2.8615569610605163,10.203748941421509,0.9767361111111111,0.9692460317460317,-46.065807645674674,-50.71060371489685,-0.0897530917767958,-11.063015035825172,0.3103448275862069,0.21698354316746385,87,255987.00737167423,"{'rsi_window': 6, 'rsi_lower': 45, 'rsi_upper': 81, 'macd_fast': 7, 'macd_slow': 31, 'macd_signal': 5, 'bb_window': 23, 'bb_std': 1.556511188130235, 'bb_lower_pct': 0.07285214600283452, 'bb_upper_pct': 0.7950898723949575, 'sl': 0.0031045780754583086, 'tp': 0.05858718640540299, 'capital_fraction': 0.46094781543764757}"
2023-09-06,2023-10-06,2023-10-06,2023-10-13,ok,47.46726617577309,9.788387060165405,0.9746527777777778,0.9915674603174603,-21.5135536362219,-16.155354024403344,-0.007173879634079117,-44.58348827378997,0.0,0.0,5,254150.5873929017,"{'rsi_window': 12, 'rsi_lower': 25, 'rsi_upper': 83, 'macd_fast': 20, 'macd_slow': 31, 'macd_signal': 5, 'bb_window': 14, 'bb_std': 2.804054823200708, 'bb_lower_pct': 0.001462601758418369, 'bb_upper_pct': 0.9861922920061523, 'sl': 0.005240054554263367, 'tp': 0.040080247046119406, 'capital_fraction': 0.1860619470037085}"
2023-09-13,2023-10-13,2023-10-13,2023-10-20,ok,33.00853090122996,9.86897897720337,0.9780092592592593,0.998015873015873,3.2565421444012346,2.7682241948465576,-0.015152662973054953,18.083503415826485,0.6666666666666666,1.454329790986038,3,255303.50679663173,"{'rsi_window': 17, 'rsi_lower': 32, 'rsi_upper': 77, 'macd_fast': 10, 'macd_slow': 31, 'macd_signal': 10, 'bb_window': 11, 'bb_std': 2.6642183596252047, 'bb_lower_pct': 0.25113372316440086, 'bb_upper_pct': 0.9944405919205132, 'sl': 0.021539014938811784, 'tp': 0.02907147105341054, 'capital_fraction': 0.4104210819352594}"
2023-09-20,2023-10-20,2023-10-20,2023-10-27,ok,71.33059909686739,9.940961122512817,0.9825231481481481,0.9737103174603174,-17.927177329166224,-17.594720667306447,-0.05289147103691416,-17.369582384927977,0.4166666666666667,0.22442757450356748,12,243218.75253194745,"{'rsi_window': 19, 'rsi_lower': 24, 'rsi_upper': 75, 'macd_fast': 5, 'macd_slow': 36, 'macd_signal': 6, 'bb_window': 40, 'bb_std': 2.666663960988683, 'bb_lower_pct': 0.08585432440930588, 'bb_upper_pct': 0.9999426445910761, 'sl': 0.02197205619550143, 'tp': 0.055623284144559214, 'capital_fraction': 0.43365509701325394}"
2023-09-27,2023-10-27,2023-10-27,2023-11-03,ok,140.73875185509908,10.231804847717285,0.9818287037037037,1.0024801587301588,-13.49466889556974,-14.278295318649226,-0.02608494540083417,-27.082724808213687,0.2,0.04984459218396673,5,237729.7940422498,"{'rsi_window': 17, 'rsi_lower': 29, 'rsi_upper': 82, 'macd_fast': 16, 'macd_slow': 29, 'macd_signal': 14, 'bb_window': 25, 'bb_std': 2.9534877128314885, 'bb_lower_pct': 0.1987602546046519, 'bb_upper_pct': 0.9033654715915205, 'sl': 0.020245375379253888, 'tp': 0.04153107129759361, 'capital_fraction': 0.4238320005481808}"
2023-10-04,2023-11-03,2023-11-03,2023-11-10,ok,58.13471502453789,10.20065188407898,0.9890046296296297,0.9920634920634921,12.516598187739833,18.349493813386943,-0.004550129276951309,228.79956748185606,1.0,inf,2,240883.4628266533,"{'rsi_window': 20, 'rsi_lower': 22, 'rsi_upper': 81, 'macd_fast': 17, 'macd_slow': 38, 'macd_signal': 15, 'bb_window': 36, 'bb_std': 2.952047671566348, 'bb_lower_pct': 0.27771570772378384, 'bb_upper_pct': 0.9314402296641635, 'sl': 0.02821839692133182, 'tp': 0.05905185614517036, 'capital_fraction': 0.21048400660318278}"
2023-10-11,2023-11-10,2023-11-10,2023-11-17,ok,224.39368894669403,10.401592016220093,0.9912037037037037,1.0,-14.282358283580065,-15.723025836802426,-0.04373161548866289,-19.504787839634663,0.2857142857142857,0.3921041476040448,7,232379.75634014996,"{'rsi_window': 27, 'rsi_lower': 44, 'rsi_upper': 74, 'macd_fast': 18, 'macd_slow': 33, 'macd_signal': 6, 'bb_window': 27, 'bb_std': 2.5490260641585523, 'bb_lower_pct': 0.23113897230932115, 'bb_upper_pct': 0.9344098017976579, 'sl': 0.029958756885544252, 'tp': 0.05094610591419388, 'capital_fraction': 0.46978538940334397}"
2023-10-18,2023-11-17,2023-11-17,2023-11-24,ok,45.406119266846986,10.280483961105347,0.9916666666666667,0.9930555555555556,1.613200532677643,2.106131179383485,-0.009158305768762198,8.2668614024936,0.5714285714285714,1.2533549131760378,7,232685.6365017328,"{'rsi_window': 19, 'rsi_lower': 40, 'rsi_upper': 79, 'macd_fast': 15, 'macd_slow': 38, 'macd_signal': 14, 'bb_window': 19, 'bb_std': 2.42387285831021, 'bb_lower_pct': 0.11177443949461896, 'bb_upper_pct': 0.8942617305830162, 'sl': 0.02290591238340652, 'tp': 0.05333431994008924, 'capital_fraction': 0.15974957056257272}"
2023-10-25,2023-11-24,2023-11-24,2023-12-01,ok,-2.6190637889833703,10.102678060531616,0.9953703703703703,1.0009920634920635,-7.862686844474863,-9.845747747021335,-0.017882411291940015,-25.59759464995245,0.5333333333333333,0.468554998374075,15,230041.91021482315,"{'rsi_window': 23, 'rsi_lower': 24, 'rsi_upper': 83, 'macd_fast': 17, 'macd_slow': 35, 'macd_signal': 11, 'bb_window': 33, 'bb_std': 2.105001403065506, 'bb_lower_pct': 0.0347251758784597, 'bb_upper_pct': 0.951926779587989, 'sl': 0.02347611941841425, 'tp': 0.028783834784990997, 'capital_fraction': 0.3352059482698412}"
2023-11-01,2023-12-01,2023-12-01,2023-12-08,ok,37.3921576099724,10.300344228744507,0.9969907407407408,0.9975198412698413,7.067411877976782,5.3075732740819594,-0.0101271787748336,64.84220882189729,0.5,1.865901928937434,4,232235.92859080556,"{'rsi_window': 28, 'rsi_lower': 40, 'rsi_upper': 75, 'macd_fast': 10, 'macd_slow': 27, 'macd_signal': 11, 'bb_window': 22, 'bb_std': 2.9595594512519376, 'bb_lower_pct': 0.024602665635033324, 'bb_upper_pct': 0.9842336571932505, 'sl': 0.00866868927461995, 'tp': 0.044693071753368084, 'capital_fraction': 0.4894205254639878}"
2023-11-08,2023-12-08,2023-12-08,2023-12-15,ok,-2.5648862332660163,10.45526909828186,0.9966435185185185,0.9880952380952381,-45.55942648718807,-46.6786145862354,-0.12103648219045238,-8.252725238293332,0.3402061855670103,0.30434744379299306,97,204723.2223746483,"{'rsi_window': 11, 'rsi_lower': 43, 'rsi_upper': 56, 'macd_fast': 9, 'macd_slow': 23, 'macd_signal': 7, 'bb_window': 27, 'bb_std': 2.889285715090073, 'bb_lower_pct': 0.21117331610421827, 'bb_upper_pct': 0.8485341173013181, 'sl': 0.0037356577784831047, 'tp': 0.00742764884966183, 'capital_fraction': 0.4988553165900044}"
2023-11-15,2023-12-15,2023-12-15,2023-12-22,ok,-2.370537053550748,10.401155233383179,0.9954861111111111,1.0029761904761905,-54.835630099614846,-61.35246364114598,-0.12557597941223608,-7.956301616259769,0.32075471698113206,0.21867652163125365,106,179343.13839600104,"{'rsi_window': 5, 'rsi_lower': 43, 'rsi_upper': 56, 'macd_fast': 7, 'macd_slow': 33, 'macd_signal': 9, 'bb_window': 34, 'bb_std': 1.5003300227245127, 'bb_lower_pct': 0.2834315262868908, 'bb_upper_pct': 0.7371599986145806, 'sl': 0.0037212372311678987, 'tp': 0.006435288890315341, 'capital_fraction': 0.45185600711636514}"
2023-11-22,2023-12-22,2023-12-22,2023-12-29,ok,-2.5442981356649303,10.391018152236938,0.997800925925926,0.9935515873015873,-34.71487319095892,-40.96691097782081,-0.08069308526696295,-12.220349057089297,0.3382352941176471,0.2635663482999622,68,165535.6313939982,"{'rsi_window': 5, 'rsi_lower': 20, 'rsi_upper': 55, 'macd_fast': 7, 'macd_slow': 40, 'macd_signal': 5, 'bb_window': 39, 'bb_std': 2.426370329179815, 'bb_lower_pct': 0.21283151319514582, 'bb_upper_pct': 0.9367201794486218, 'sl': 0.0038537724187384347, 'tp': 0.03532330281275782, 'capital_fraction': 0.4993661301238237}"
